order_id,customer_id,product_id,category,quantity,unit_price,order_date
O001,C001,P001,Electronics,1,50000,2026-10-01
O002,C002,P002,Fashion,2,1500,2026-10-01
O003,C001,P003,Electronics,1,25000,2026-10-02
O004,C003,P004,Home,3,2000,2026-10-02
O005,C002,P005,Fashion,1,3500,2026-10-03
O006,C004,P001,Electronics,1,50000,2026-10-03
O007,C003,P006,Home,2,4500,2026-10-04
O008,C001,P002,Fashion,1,1500,2026-10-04
O009,C004,P003,Electronics,2,25000,2026-10-05
O010,C002,P005,Fashion,3,3500,2026-10-05
O011,C005,P007,Electronics,1,75000,2026-10-06
O012,C005,P008,Fashion,2,2500,2026-10-06
